,patient,predictability
0,时景华,0.6722287314
1,杨杰,0.6694245645
2,杨正梅,0.6798569291
3,王斯祝_1,0.7098757181
4,王斯祝_2,0.7211031706
5,王斯祝_3,0.6807133076
6,胡佳卿,0.6968576511
7,腾黎,0.6674032928
8,诸月华,0.6818824551
9,陈少文,0.7149733018
10,顾昇珉,0.706689032
11,黄桂花,0.7015757209
