,patient,predictability
0,540.0,0.8642480699
1,544.0,0.9624786534
2,552.0,0.9864797253
3,567.0,0.9291143425
4,584.0,0.8325856896
5,596.0,0.9735814407
6,559.0,0.8365587165
7,563.0,0.876753763
8,570.0,0.8224608066
9,575.0,0.8146395202
10,588.0,0.8034180215
11,591.0,0.9689494401
